-- phpMyAdmin SQL Dump
-- version 5.1.4deb1
-- https://www.phpmyadmin.net/
--
-- Host: localhost:3306
-- Generation Time: Sep 02, 2024 at 11:59 AM
-- Server version: 8.0.33-0ubuntu0.22.10.2
-- PHP Version: 8.1.7-1ubuntu3.5

SET SQL_MODE = "NO_AUTO_VALUE_ON_ZERO";
START TRANSACTION;
SET time_zone = "+00:00";


/*!40101 SET @OLD_CHARACTER_SET_CLIENT=@@CHARACTER_SET_CLIENT */;
/*!40101 SET @OLD_CHARACTER_SET_RESULTS=@@CHARACTER_SET_RESULTS */;
/*!40101 SET @OLD_COLLATION_CONNECTION=@@COLLATION_CONNECTION */;
/*!40101 SET NAMES utf8mb4 */;

--
-- Database: `riham_websites`
--

-- --------------------------------------------------------

--
-- Table structure for table `model_has_roles`
--

CREATE TABLE `model_has_roles` (
  `role_id` bigint UNSIGNED NOT NULL,
  `model_type` varchar(255) COLLATE utf8mb4_unicode_ci NOT NULL,
  `model_id` bigint UNSIGNED NOT NULL
) ENGINE=InnoDB DEFAULT CHARSET=utf8mb4 COLLATE=utf8mb4_unicode_ci;

--
-- Dumping data for table `model_has_roles`
--

INSERT INTO `model_has_roles` (`role_id`, `model_type`, `model_id`) VALUES
(7, 'App\\Models\\User', 3),
(10, 'App\\Models\\User', 7),
(4, 'App\\Models\\User', 10);

-- --------------------------------------------------------

--
-- Table structure for table `roles`
--

CREATE TABLE `roles` (
  `id` bigint UNSIGNED NOT NULL,
  `name` varchar(255) COLLATE utf8mb4_unicode_ci NOT NULL,
  `status` varchar(500) COLLATE utf8mb4_unicode_ci DEFAULT NULL,
  `guard_name` varchar(255) COLLATE utf8mb4_unicode_ci NOT NULL,
  `created_at` timestamp NULL DEFAULT NULL,
  `updated_at` timestamp NULL DEFAULT NULL
) ENGINE=InnoDB DEFAULT CHARSET=utf8mb4 COLLATE=utf8mb4_unicode_ci;

--
-- Dumping data for table `roles`
--

INSERT INTO `roles` (`id`, `name`, `status`, `guard_name`, `created_at`, `updated_at`) VALUES
(4, 'Admin', 'Active', 'web', '2024-06-26 02:06:16', '2024-06-26 02:06:39'),
(7, 'Super Admin', 'Active', 'web', '2024-06-26 05:17:42', '2024-06-29 07:15:40'),
(10, 'HR', 'Active', 'web', '2024-07-02 14:44:18', '2024-07-02 14:51:10'),
(11, 'User', 'Active', 'web', '2024-07-02 14:48:30', '2024-07-02 14:48:30');

-- --------------------------------------------------------

--
-- Table structure for table `role_has_permissions`
--

CREATE TABLE `role_has_permissions` (
  `permission_id` bigint UNSIGNED NOT NULL,
  `role_id` bigint UNSIGNED NOT NULL
) ENGINE=InnoDB DEFAULT CHARSET=utf8mb4 COLLATE=utf8mb4_unicode_ci;

--
-- Dumping data for table `role_has_permissions`
--

INSERT INTO `role_has_permissions` (`permission_id`, `role_id`) VALUES
(15, 4),
(16, 4),
(17, 4),
(18, 4),
(19, 4),
(20, 4),
(21, 4),
(22, 4),
(23, 4),
(24, 4),
(25, 4),
(26, 4),
(27, 4),
(28, 4),
(29, 4),
(30, 4),
(31, 4),
(32, 4),
(33, 4),
(34, 4),
(35, 4),
(36, 4),
(37, 4),
(38, 4),
(39, 4),
(40, 4),
(41, 4),
(42, 4),
(43, 4),
(44, 4),
(45, 4),
(46, 4),
(47, 4),
(48, 4),
(49, 4),
(50, 4),
(51, 4),
(52, 4),
(53, 4),
(54, 4),
(55, 4),
(56, 4),
(57, 4),
(58, 4),
(59, 4),
(60, 4),
(61, 4),
(63, 4),
(64, 4),
(65, 4),
(66, 4),
(67, 4),
(68, 4),
(69, 4),
(70, 4),
(71, 4),
(72, 4),
(73, 4),
(74, 4),
(75, 4),
(76, 4),
(77, 4),
(78, 4),
(79, 4),
(80, 4),
(81, 4),
(82, 4),
(83, 4),
(84, 4),
(85, 4),
(86, 4),
(87, 4),
(88, 4),
(89, 4),
(90, 4),
(1, 7),
(2, 7),
(3, 7),
(5, 7),
(10, 7),
(11, 7),
(12, 7),
(14, 7),
(15, 7),
(16, 7),
(17, 7),
(18, 7),
(19, 7),
(20, 7),
(21, 7),
(22, 7),
(23, 7),
(24, 7),
(25, 7),
(26, 7),
(27, 7),
(28, 7),
(29, 7),
(30, 7),
(31, 7),
(32, 7),
(33, 7),
(34, 7),
(35, 7),
(36, 7),
(37, 7),
(38, 7),
(39, 7),
(40, 7),
(41, 7),
(42, 7),
(43, 7),
(44, 7),
(45, 7),
(46, 7),
(47, 7),
(48, 7),
(49, 7),
(50, 7),
(51, 7),
(52, 7),
(53, 7),
(54, 7),
(55, 7),
(56, 7),
(57, 7),
(58, 7),
(59, 7),
(60, 7),
(61, 7),
(63, 7),
(64, 7),
(65, 7),
(66, 7),
(67, 7),
(68, 7),
(69, 7),
(70, 7),
(71, 7),
(72, 7),
(73, 7),
(74, 7),
(75, 7),
(76, 7),
(77, 7),
(78, 7),
(79, 7),
(80, 7),
(81, 7),
(82, 7),
(83, 7),
(84, 7),
(85, 7),
(86, 7),
(87, 7),
(88, 7),
(89, 7),
(90, 7),
(63, 10),
(64, 10),
(65, 10),
(66, 10),
(67, 10),
(68, 10),
(69, 10),
(70, 10),
(53, 11),
(54, 11),
(55, 11),
(56, 11),
(57, 11),
(90, 11);

--
-- Indexes for dumped tables
--

--
-- Indexes for table `model_has_roles`
--
ALTER TABLE `model_has_roles`
  ADD PRIMARY KEY (`role_id`,`model_id`,`model_type`),
  ADD KEY `model_has_roles_model_id_model_type_index` (`model_id`,`model_type`);

--
-- Indexes for table `roles`
--
ALTER TABLE `roles`
  ADD PRIMARY KEY (`id`),
  ADD UNIQUE KEY `roles_name_guard_name_unique` (`name`,`guard_name`);

--
-- Indexes for table `role_has_permissions`
--
ALTER TABLE `role_has_permissions`
  ADD PRIMARY KEY (`permission_id`,`role_id`),
  ADD KEY `role_has_permissions_role_id_foreign` (`role_id`);

--
-- AUTO_INCREMENT for dumped tables
--

--
-- AUTO_INCREMENT for table `roles`
--
ALTER TABLE `roles`
  MODIFY `id` bigint UNSIGNED NOT NULL AUTO_INCREMENT, AUTO_INCREMENT=12;

--
-- Constraints for dumped tables
--

--
-- Constraints for table `model_has_roles`
--
ALTER TABLE `model_has_roles`
  ADD CONSTRAINT `model_has_roles_role_id_foreign` FOREIGN KEY (`role_id`) REFERENCES `roles` (`id`) ON DELETE CASCADE;
COMMIT;

/*!40101 SET CHARACTER_SET_CLIENT=@OLD_CHARACTER_SET_CLIENT */;
/*!40101 SET CHARACTER_SET_RESULTS=@OLD_CHARACTER_SET_RESULTS */;
/*!40101 SET COLLATION_CONNECTION=@OLD_COLLATION_CONNECTION */;
